{"5_8_None": [1.38085697117, 0.000359474822169], "3_5_1": [0.160979775437, 2.06400772545e-05], "5_6_None": [1.62677890484, 0.000343932632952], "3_5_None": [0.84107649842, 0.000153507019094], "4_5_None": [1.28250354885, 0.000215530669289], "9_5_1": [0.65217140217, 7.80552289134e-05], "2_5_None": [0.313531906659, 5.33723480625e-05], "5_5_1": [0.398945907766, 7.89816615822e-05], "4_5_1": [0.266318280679, 4.86041505516e-05], "5_2_None": [4.47654741567, 0.000856415150689], "10_5_1": [0.659283410832, 0.00011164428787], "2_5_1": [0.0744727893755, 1.09983743413e-05], "10_5_None": [5.9687952003, 0.00193832159278], "6_5_None": [2.58288917947, 0.000437995804975], "5_5_None": [1.83522207732, 0.000408575106664], "8_5_1": [0.606905925226, 9.13958269138e-05], "7_5_None": [3.30174991846, 0.000640987699587], "7_5_1": [0.560477601725, 6.88421641614e-05], "5_4_None": [2.13638828884, 0.00052956333685], "9_5_None": [5.05818978783, 0.00117061128609], "8_5_None": [4.12609487594, 0.000857302239897], "6_5_1": [0.548591750982, 6.48752967189e-05]}